{
  "Copper": {
    "#22 AWG": {
      "area_cmil": 640,
      "radius_m": 0.00032129,
      "R20": 0.0531657
    },
    "#20 AWG": {
      "area_cmil": 1020,
      "radius_m": 0.00040561,
      "R20": 0.03335887
    },
    "#18 AWG": {
      "area_cmil": 1624,
      "radius_m": 0.0005118,
      "R20": 0.020952
    },
    "#16 AWG": {
      "area_cmil": 2583,
      "radius_m": 0.00064545,
      "R20": 0.01317307
    },
    "#14 AWG": {
      "area_cmil": 4107,
      "radius_m": 0.00081389,
      "R20": 0.00828489
    },
    "#12 AWG": {
      "area_cmil": 6530,
      "radius_m": 0.00102627,
      "R20": 0.00521073
    },
    "#10 AWG": {
      "area_cmil": 10380,
      "radius_m": 0.00129391,
      "R20": 0.00327804
    },
    "#8 AWG": {
      "area_cmil": 16510,
      "radius_m": 0.00163184,
      "R20": 0.00206094
    },
    "#6 AWG": {
      "area_cmil": 26240,
      "radius_m": 0.00205724,
      "R20": 0.00129672
    },
    "#4 AWG": {
      "area_cmil": 41740,
      "radius_m": 0.00259466,
      "R20": 0.00081519
    },
    "#3 AWG": {
      "area_cmil": 52620,
      "radius_m": 0.00291326,
      "R20": 0.00064664
    },
    "#2 AWG": {
      "area_cmil": 66360,
      "radius_m": 0.00327158,
      "R20": 0.00051275
    },
    "#1 AWG": {
      "area_cmil": 83690,
      "radius_m": 0.00367401,
      "R20": 0.00040657
    },
    "#1/0 AWG": {
      "area_cmil": 105600,
      "radius_m": 0.00412701,
      "R20": 0.00032222
    },
    "#2/0 AWG": {
      "area_cmil": 133100,
      "radius_m": 0.00463332,
      "R20": 0.00025564
    },
    "#3/0 AWG": {
      "area_cmil": 167800,
      "radius_m": 0.00520235,
      "R20": 0.00020278
    },
    "#4/0 AWG": {
      "area_cmil": 211600,
      "radius_m": 0.005842,
      "R20": 0.0001608
    },
    "250 kcmil": {
      "area_cmil": 250000,
      "radius_m": 0.00635,
      "R20": 0.0001361
    },
    "350 kcmil": {
      "area_cmil": 350000,
      "radius_m": 0.00751342,
      "R20": 0.00009722
    },
    "500 kcmil": {
      "area_cmil": 500000,
      "radius_m": 0.00898026,
      "R20": 0.00006805
    },
    "750 kcmil": {
      "area_cmil": 750000,
      "radius_m": 0.01099852,
      "R20": 0.00004537
    },
    "1000 kcmil": {
      "area_cmil": 1000000,
      "radius_m": 0.0127,
      "R20": 0.00003403
    }
  },
  "Aluminum": {
    "#22 AWG": {
      "area_cmil": 640,
      "radius_m": 0.00032129,
      "R20": 0.08715709
    },
    "#20 AWG": {
      "area_cmil": 1020,
      "radius_m": 0.00040561,
      "R20": 0.0546868
    },
    "#18 AWG": {
      "area_cmil": 1624,
      "radius_m": 0.0005118,
      "R20": 0.03434762
    },
    "#16 AWG": {
      "area_cmil": 2583,
      "radius_m": 0.00064545,
      "R20": 0.02159525
    },
    "#14 AWG": {
      "area_cmil": 4107,
      "radius_m": 0.00081389,
      "R20": 0.01358182
    },
    "#12 AWG": {
      "area_cmil": 6530,
      "radius_m": 0.00102627,
      "R20": 0.0085422
    },
    "#10 AWG": {
      "area_cmil": 10380,
      "radius_m": 0.00129391,
      "R20": 0.00537385
    },
    "#8 AWG": {
      "area_cmil": 16510,
      "radius_m": 0.00163184,
      "R20": 0.00337859
    },
    "#6 AWG": {
      "area_cmil": 26240,
      "radius_m": 0.00205724,
      "R20": 0.00212578
    },
    "#4 AWG": {
      "area_cmil": 41740,
      "radius_m": 0.00259466,
      "R20": 0.00133638
    },
    "#3 AWG": {
      "area_cmil": 52620,
      "radius_m": 0.00291326,
      "R20": 0.00106006
    },
    "#2 AWG": {
      "area_cmil": 66360,
      "radius_m": 0.00327158,
      "R20": 0.00084057
    },
    "#1 AWG": {
      "area_cmil": 83690,
      "radius_m": 0.00367401,
      "R20": 0.00066651
    },
    "#1/0 AWG": {
      "area_cmil": 105600,
      "radius_m": 0.00412701,
      "R20": 0.00052822
    },
    "#2/0 AWG": {
      "area_cmil": 133100,
      "radius_m": 0.00463332,
      "R20": 0.00041909
    },
    "#3/0 AWG": {
      "area_cmil": 167800,
      "radius_m": 0.00520235,
      "R20": 0.00033242
    },
    "#4/0 AWG": {
      "area_cmil": 211600,
      "radius_m": 0.005842,
      "R20": 0.00026361
    },
    "250 kcmil": {
      "area_cmil": 250000,
      "radius_m": 0.00635,
      "R20": 0.00022312
    },
    "350 kcmil": {
      "area_cmil": 350000,
      "radius_m": 0.00751342,
      "R20": 0.00015937
    },
    "500 kcmil": {
      "area_cmil": 500000,
      "radius_m": 0.00898026,
      "R20": 0.00011156
    },
    "750 kcmil": {
      "area_cmil": 750000,
      "radius_m": 0.01099852,
      "R20": 0.00007437
    },
    "1000 kcmil": {
      "area_cmil": 1000000,
      "radius_m": 0.0127,
      "R20": 0.00005578
    }
  }
}